test,p_A,p_B,diff,z_stat,p_value,alpha,significant,chi2,dof,expected,observed,cohens_h,interpretation
Two-Proportion Z-Test,0.7403813033203829,0.6832501098549915,0.05713119346539142,44.595607116054055,0.0,0.05,True,,,,,,
Chi-square Test,,,,,0.0,0.05,True,1988.4896989261717,1.0,"[[177709.61326  71960.38674]
 [178179.38674  72150.61326]]","[[184851  64819]
 [171038  79292]]",,
Effect Size,0.7403813033203829,0.6832501098549915,,,,,,,,,,0.12627950923871278,small
