model,log_likelihood,aic,bic,n_params
gee_ar1,-259458.99047182366,518929.98094364733,-6042184.973578253,6
gee_exchangeable,-259467.2194848113,518946.4389696226,-6042168.515552278,6
gee_interactions,-259317.4595439002,518652.9190878004,-6042428.668343967,9
