personality,n,fast_rate,group_A_fast_rate,group_B_fast_rate
efficiency-oriented,273890,0.798769579028077,0.8246947876306747,0.7729029905178701
comfort-oriented,175865,0.5808887498933841,0.6137503554165482,0.5480327496020013
neutral,50245,0.6957110160214947,0.7243838910038068,0.6674179517595887
